Country,Year,Schizophrenia,Bipolar_disorder,Eating_disorder,Anxiety,drug_usage,depression,alcohol,mental_fitness
World Bank Lower Middle Income,2005,0.278766,0.425701,0.103865,3.200403,0.443004,4.12297,1.29331,3.214505
Yemen,1990,0.235977,0.740229,0.131646,4.863122,0.245125,4.950898,0.430373,1.99779
OECD Countries,2009,0.356422,0.830949,0.429041,5.240071,1.548155,3.9606,2.046774,7.029574
Guinea-Bissau,2001,0.205501,0.530807,0.085666,3.093574,0.274288,4.470943,0.553511,1.337275
Tokelau,2006,0.299656,0.286748,0.09196,4.096058,0.743146,3.266678,0.762968,3.775043
Democratic Republic of Congo,2002,0.201918,0.558903,0.066817,3.837518,0.335255,5.510998,1.065191,1.653903
World Bank High Income,2005,0.36256,0.803654,0.440355,5.310509,1.633062,3.943787,2.129192,6.92814
Latvia,2004,0.299668,0.558977,0.144733,4.025285,1.486204,4.285755,2.385084,4.286264
Iceland,2017,0.305705,0.997496,0.492997,5.602547,1.117522,3.191976,2.24654,8.319696
Armenia,1991,0.291826,0.570395,0.107563,3.282833,0.48981,2.967635,2.497098,3.978979
Taiwan,2008,0.321081,0.206802,0.165456,3.909491,0.689809,2.742985,0.554995,5.675159
Kazakhstan,2003,0.288381,0.537028,0.130532,2.247552,0.843906,3.7391,3.638858,3.192363
Angola,1995,0.214752,0.557764,0.104033,3.99169,0.362472,6.000597,1.213396,1.402647
World Bank Lower Middle Income,2006,0.278882,0.426164,0.105257,3.223877,0.444626,4.082205,1.276961,3.285666
Cambodia,2013,0.276172,0.325804,0.078106,4.659061,0.432049,3.045872,0.763529,3.971376
Lithuania,1993,0.294579,0.552022,0.143375,4.522927,0.686911,4.523725,2.840799,4.395919
South Africa,1998,0.226745,0.568647,0.150749,3.928166,1.604025,4.176597,2.366848,2.464091
United Arab Emirates,2017,0.289161,0.787571,0.310287,4.386076,0.78441,3.717552,0.570475,9.420601
Austria,2002,0.30115,0.986251,0.539096,6.315905,1.100652,3.617573,3.111792,6.860878
Rwanda,2013,0.212116,0.602394,0.088335,3.674791,0.435909,5.183479,3.207709,3.829857
Guatemala,2009,0.272914,0.831358,0.183773,4.327628,0.404111,4.169627,3.661448,4.710565
Namibia,1990,0.220572,0.562547,0.138973,3.467596,0.679462,3.717482,2.330241,2.47074
North Korea,2006,0.280661,0.191133,0.067703,3.806027,0.561896,2.886576,0.734382,3.826115
Kuwait,1990,0.294528,0.852225,0.316286,4.521056,0.396582,4.165379,0.419203,7.810666
Latin America & Caribbean (WB),2011,0.296088,1.023297,0.244962,6.050065,0.834311,3.55477,2.293122,6.589708
Zimbabwe,2008,0.20832,0.556163,0.097102,3.296586,0.62693,3.455212,1.816493,1.386417
Tajikistan,2014,0.276529,0.543002,0.088854,2.520529,0.431731,2.929336,2.370715,3.971229
Saint Kitts and Nevis,1995,0.290474,0.955896,0.246801,4.434865,0.845927,4.120463,1.49949,4.678049
Serbia,2012,0.301879,0.573459,0.144444,3.570169,0.448896,2.994543,2.122652,4.190244
Northern Mariana Islands,2001,0.335311,0.296425,0.176398,4.216618,0.784947,2.830829,0.988003,5.803256
Wales,2011,0.29777,0.99425,0.439743,4.680087,2.096363,4.448236,4.565494,6.567953
United Arab Emirates,1998,0.297874,0.783744,0.342781,4.331062,0.615868,3.953077,0.605836,9.219587
Northern Mariana Islands,2015,0.32661,0.294837,0.151531,4.224734,0.785942,2.90131,0.973349,4.575055
Djibouti,1998,0.223807,0.622163,0.102248,3.29927,0.350432,4.554546,1.501861,2.085938
Bangladesh,1995,0.285967,0.397675,0.087334,3.007052,0.303299,4.754423,1.118239,2.55186
Senegal,2016,0.218966,0.560658,0.102499,2.935535,0.326464,4.05389,0.468295,3.187148
Montenegro,2002,0.303554,0.578181,0.135898,3.922652,0.629092,3.051949,2.007384,4.786514
Belgium,2000,0.30314,0.993315,0.430896,5.436593,1.121843,3.60823,2.785149,6.044055
World Bank High Income,2000,0.357319,0.792158,0.422167,5.452686,1.495467,3.948981,2.097055,6.837757
Mauritius,2001,0.311268,0.348985,0.120211,3.957983,0.688409,4.485339,1.181878,5.997809
Angola,2013,0.221612,0.56286,0.133448,4.037275,0.352497,5.837361,1.098804,2.801948
World Bank Lower Middle Income,2000,0.277502,0.423532,0.098438,3.147588,0.441825,4.057363,1.306752,2.840075
Sierra Leone,1995,0.210794,0.541024,0.087151,3.614192,0.348188,4.247813,0.488384,1.082906
Bangladesh,1996,0.285956,0.397821,0.087649,3.008121,0.30427,4.742165,1.121763,2.689402
Argentina,2008,0.333924,1.113278,0.330553,5.308868,0.737539,2.665145,2.32397,6.158426
Cyprus,1999,0.297936,0.985368,0.397228,6.930909,0.598627,3.305301,1.832443,7.590723
Cape Verde,2000,0.231349,0.597266,0.114613,3.161876,0.426968,5.081627,0.524625,4.163605
Lebanon,2015,0.269947,0.998033,0.23772,6.921408,0.744035,5.306887,0.424227,8.467314
Rwanda,1990,0.207423,0.594789,0.079901,3.563196,0.366931,5.828298,3.377663,1.399557
Saint Kitts and Nevis,1996,0.291009,0.956256,0.250358,4.433601,0.848513,4.125139,1.508734,4.8084
Ireland,1993,0.389918,0.763341,0.346843,7.116831,1.220502,4.468418,3.126677,7.608853
Taiwan,1998,0.316754,0.20734,0.149596,4.000142,0.643624,2.677638,0.471908,5.412976
Argentina,1992,0.328828,1.035342,0.30385,5.360865,0.697412,2.7529,2.582086,5.405815
Montenegro,2009,0.306939,0.580414,0.150077,3.947859,0.638082,3.042206,1.980351,4.692734
Cote d'Ivoire,2010,0.213055,0.538024,0.104598,3.22506,0.334099,3.896171,0.552977,1.767506
Benin,2019,0.217727,0.556263,0.101414,3.292096,0.350472,4.53504,0.558373,2.539411
Papua New Guinea,2002,0.274515,0.267856,0.076166,3.986259,0.668384,3.186936,0.774074,2.479729
Somalia,2015,0.191701,0.591252,0.046049,3.339606,0.33717,4.926968,1.190703,1.966905
East Asia & Pacific (WB),2011,0.319712,0.281016,0.12689,3.441619,0.61908,2.792841,1.088797,4.971271
Comoros,1998,0.222145,0.623066,0.091974,3.538282,0.327775,4.445316,1.313513,2.061717
Switzerland,2018,0.310429,1.042249,0.541804,7.511633,1.600684,4.105247,2.579845,8.778704
Iran,1993,0.262759,0.851071,0.213582,7.354528,0.596429,4.758876,0.396952,5.948244
North America (WB),2002,0.478873,0.680198,0.489071,6.783194,2.619133,4.80157,2.458431,7.485515
Equatorial Guinea,2000,0.218157,0.559509,0.130332,3.904278,0.394214,5.940543,1.174707,1.906441
Latvia,2005,0.300292,0.559244,0.147679,4.026886,1.486988,4.250743,2.350875,4.156495
Burundi,1999,0.202778,0.584771,0.073138,3.607713,0.338364,5.383874,1.542713,1.153744
Liberia,2001,0.204013,0.546618,0.063647,3.456673,0.381662,4.608676,0.508521,1.495861
Western Pacific Region (WHO),2016,0.327911,0.272842,0.147809,3.394425,0.671333,2.870915,1.208224,5.31107
European Region (WHO),1997,0.294324,0.764156,0.27689,4.508337,1.014892,3.865367,2.635035,4.985581
Azerbaijan,1994,0.287904,0.548138,0.116567,2.658692,0.444129,2.823415,2.50932,2.626305
Honduras,2004,0.267308,0.836883,0.154986,4.034948,0.491137,3.25001,2.28921,4.591349
South Korea,2003,0.31748,0.529962,0.309107,3.547392,0.836955,2.089002,3.24587,6.159843
Colombia,2002,0.287494,0.772118,0.196113,5.469577,0.867922,2.712766,2.282307,5.115742
Venezuela,2011,0.291185,0.86413,0.230439,4.010461,0.436657,3.323834,1.666345,6.033736
Spain,2013,0.292743,1.017713,0.63686,5.843822,1.591269,4.949121,1.829514,9.158314
Oman,2007,0.274559,0.720192,0.28333,4.85407,0.337752,4.12005,0.447851,7.643179
Italy,2019,0.312981,0.960291,0.585175,5.978246,1.010927,3.827909,1.605935,7.149093
Israel,2019,0.323844,1.138295,0.419315,4.048037,0.863218,4.468096,0.949156,9.626972
Wales,2006,0.296224,0.98898,0.428337,4.618058,1.979691,4.447933,4.606228,6.364538
Australia,2011,0.426096,1.233896,1.094536,6.148179,2.382032,5.11294,1.920483,10.04141
Kyrgyzstan,1993,0.277465,0.539749,0.099349,2.148035,0.526414,3.797682,3.822605,3.251958
Mongolia,2007,0.278722,0.525478,0.109885,1.976211,0.610423,4.27611,3.908309,3.72318
World Bank Upper Middle Income,2014,0.308493,0.472509,0.161214,4.099982,0.706142,3.320207,1.512926,5.587364
Timor,2003,0.259176,0.322046,0.079556,3.737775,0.517211,2.941439,0.692503,2.351987
Belarus,1994,0.288002,0.555126,0.112064,3.758967,0.929479,4.235861,2.935585,4.155375
Antigua and Barbuda,1993,0.295977,0.984271,0.252635,4.429494,0.814181,3.056249,1.924708,5.768496
African Region (WHO),1994,0.216365,0.582201,0.09986,3.531429,0.448519,4.696143,1.140921,1.37809
Finland,2014,0.290274,0.977689,0.521981,4.411274,1.124193,4.591957,2.423633,6.728346
Gabon,1990,0.232249,0.567584,0.180806,3.957253,0.490367,5.802767,1.385108,2.649561
Region of the Americas (WHO),2013,0.360973,0.895443,0.319151,5.762651,1.617987,3.869707,2.348673,6.783129
Wales,2016,0.297311,0.989666,0.441457,4.675436,2.072081,4.53147,4.5648,6.581018
San Marino,2009,0.312133,1.008961,0.605309,6.04201,1.100368,4.488218,2.418704,8.474702
Benin,1995,0.213561,0.550517,0.090107,3.182445,0.298467,4.390414,0.539408,1.366814
Malta,1994,0.300563,1.004209,0.355653,6.841408,0.76184,3.402274,1.790608,7.605859
Uzbekistan,1995,0.275479,0.532171,0.095377,2.108227,0.41778,3.432195,2.836857,3.040701
Bhutan,1998,0.289906,0.399515,0.106822,3.24725,0.335202,4.213353,2.34623,2.865845
Nepal,1991,0.276417,0.389066,0.082062,2.980184,0.3709,4.669167,1.207886,1.847832
Mongolia,1999,0.273253,0.520457,0.099805,2.203542,0.573576,4.250117,3.014037,3.091217
Saudi Arabia,2002,0.272135,0.79382,0.260758,4.580878,0.340156,4.205495,0.436636,7.029329
Bulgaria,2010,0.304575,0.49767,0.151048,3.669675,0.713674,2.891473,1.884618,3.416652
Niue,2009,0.31335,0.289492,0.114977,4.167437,0.777492,3.305663,0.811487,3.377587
Uganda,1992,0.202382,0.584609,0.075112,3.89645,0.447547,7.054314,0.841889,1.36651
Malaysia,2006,0.324429,0.356915,0.136956,4.785605,0.57557,3.630272,0.549986,7.133561
United States Virgin Islands,2003,0.31051,0.972617,0.356878,4.503307,0.895598,3.435345,2.028561,5.665819
Colombia,1990,0.284604,0.764141,0.186482,4.747184,0.634261,2.488421,2.190052,4.322886
Zimbabwe,1991,0.212276,0.551364,0.112253,3.223877,0.705231,3.394898,1.762642,2.170556
Western Pacific Region (WHO),2015,0.32489,0.272669,0.143719,3.34934,0.642979,2.870449,1.194855,5.316996
North America (WB),2011,0.482859,0.680372,0.494976,6.073531,3.059953,4.773982,2.494614,7.369127
Cape Verde,1993,0.228364,0.593595,0.105722,3.141989,0.387092,4.788567,0.498172,3.456844
South Africa,2019,0.232981,0.577232,0.170537,3.923674,0.983388,4.454822,1.939504,3.476022
Belize,2003,0.280402,0.942096,0.191445,4.204001,0.946544,3.446096,1.562131,5.47378
Syria,2019,0.25536,0.815253,0.16677,5.908016,0.386806,4.354392,0.423423,7.428221
Nigeria,1995,0.220179,0.557781,0.097378,2.966514,0.273944,4.222145,0.479528,1.186915
Turkmenistan,1997,0.281534,0.530551,0.110776,2.386877,0.487717,3.357619,2.960714,2.899883
Malawi,2003,0.204006,0.586447,0.074688,3.782567,0.348404,4.26921,1.526113,1.20953
Palestine,2015,0.261907,0.835102,0.163163,5.842346,0.440538,6.891014,0.40721,10.549878
United Arab Emirates,2002,0.298136,0.785831,0.342933,4.359429,0.67443,3.919386,0.596026,9.602089
Middle East & North Africa (WB),2014,0.263958,0.801271,0.226322,5.579624,0.496719,4.618694,0.415353,7.225715
Myanmar,2004,0.267624,0.322486,0.066554,3.902,0.537244,2.169183,0.783823,2.16981
Sudan,2015,0.240953,0.761523,0.147852,4.916169,0.326568,4.565424,0.407126,4.905081
Russia,2016,0.30448,0.554482,0.171759,3.388186,1.253967,3.359535,3.014998,3.717935
Estonia,2010,0.308792,0.563394,0.17405,3.672027,1.643611,4.17778,2.015148,5.255174
Saudi Arabia,2008,0.273136,0.798559,0.266664,4.646119,0.380182,4.313028,0.447234,7.815151
Saint Vincent and the Grenadines,2006,0.282573,0.945644,0.205692,4.352943,0.921694,3.407639,1.996505,5.560623
Saudi Arabia,2011,0.27423,0.799686,0.273947,4.692309,0.405938,4.357087,0.45213,8.319508
Australia,2004,0.42603,1.232322,1.017194,6.043769,2.325147,5.251623,1.83902,9.936373
Comoros,2002,0.222314,0.624046,0.090915,3.543587,0.333283,4.399166,1.307212,2.388399
Luxembourg,2003,0.307032,0.985364,0.570991,5.887236,1.396719,3.839871,2.610408,7.233428
Botswana,1994,0.222316,0.553911,0.147727,3.600442,0.580094,4.335876,2.160388,2.118561
Colombia,2009,0.29233,0.778143,0.206691,4.335914,0.895953,2.419292,2.185838,5.643746
Eritrea,1999,0.211673,0.596803,0.089031,3.756403,0.375013,5.031954,1.853429,1.317928
Cape Verde,2017,0.23933,0.604936,0.142216,3.236664,0.516342,5.105541,0.541997,6.550943
Latvia,1994,0.295144,0.556163,0.139588,4.017157,1.430224,4.586828,2.590385,3.502697
France,2007,0.295136,0.993867,0.492298,7.160881,1.256776,4.396585,2.321235,8.213728
Poland,2009,0.314641,0.595349,0.175606,3.369655,0.889357,2.297953,3.085964,4.130893
Democratic Republic of Congo,2016,0.204817,0.561367,0.072826,3.862956,0.346974,5.469971,1.006113,3.157033
Denmark,2003,0.236548,1.039564,0.488339,5.323927,1.093116,4.063508,3.237078,6.057306
Nepal,2017,0.276081,0.396498,0.105451,3.359048,0.389903,5.009753,1.211086,5.304342
Finland,2010,0.289857,0.97846,0.517724,4.373411,1.056051,5.015278,2.589634,6.895028
Seychelles,2005,0.323284,0.352923,0.141634,3.86284,0.967067,2.812444,0.786208,4.646458
Spain,2002,0.292851,1.014639,0.578991,4.646031,1.995486,4.130559,1.914099,7.44244
Poland,1999,0.308455,0.591107,0.146856,3.351115,0.869214,2.473595,2.921466,4.000455
Barbados,2019,0.297356,0.981693,0.252657,4.55517,1.109572,3.344616,1.334886,5.597633
Eastern Mediterranean Region (WHO),2003,0.263156,0.670834,0.162368,4.708023,0.466687,4.37108,0.686235,3.729872
Turkmenistan,2015,0.296417,0.538248,0.149988,2.477565,0.536348,3.255062,2.639898,3.991558
American Samoa,2017,0.321973,0.294503,0.135229,4.228379,0.755551,2.767196,0.662765,4.405709
Comoros,2001,0.222,0.623515,0.090892,3.540512,0.331904,4.410214,1.308373,2.332845
Dominican Republic,2009,0.284585,0.948406,0.210282,4.646586,0.53263,4.07209,1.441041,6.02204
Bolivia,1996,0.270188,0.917123,0.201823,5.800183,0.798226,3.765056,1.130068,3.212046
United States Virgin Islands,2019,0.312345,0.971985,0.36665,4.61424,0.899866,3.54842,2.079927,4.783995
Mali,2016,0.213226,0.550172,0.092771,2.755454,0.269548,3.553076,0.457957,1.492573
Kenya,2004,0.219706,0.614656,0.096617,3.441013,0.276679,5.204842,0.761114,2.24335
Italy,1997,0.320673,0.933713,0.563048,5.455835,1.39435,4.192991,1.58298,6.868092
Mongolia,1990,0.271141,0.517278,0.103728,2.17332,0.510241,4.114853,2.359714,2.286863
Costa Rica,2007,0.299595,0.920178,0.221999,4.292694,0.630154,3.35463,1.87391,8.426254
Austria,1998,0.300966,0.986044,0.510041,6.316518,1.012875,3.77322,2.95386,6.684016
American Samoa,2008,0.32557,0.295218,0.135918,4.18852,0.758255,2.76489,0.674147,4.595782
Central African Republic,2002,0.196506,0.533322,0.076769,4.24361,0.365392,6.064828,1.219462,1.347281
Japan,2019,0.328398,0.703332,0.424412,2.537094,0.85352,2.296009,0.651065,4.91275
Ecuador,1995,0.279087,0.934956,0.253729,5.229237,0.581795,3.384444,1.209783,5.414586
United Arab Emirates,2006,0.296539,0.785261,0.338747,4.34696,0.72502,3.840724,0.58504,10.066507
Croatia,2014,0.315312,0.584728,0.175014,3.829345,0.947207,3.222843,2.304839,4.862142
European Region (WHO),2013,0.299483,0.782203,0.315682,4.723915,1.047976,3.798526,2.353311,5.7235
Turkmenistan,2019,0.299395,0.539005,0.162461,2.494677,0.545531,3.24925,2.821934,4.193991
Panama,1996,0.289999,0.883067,0.209919,3.63921,0.631251,3.074913,1.575484,5.987723
Albania,1991,0.295913,0.570338,0.107337,3.859908,0.467558,2.509853,1.700907,4.321945
Equatorial Guinea,2005,0.232756,0.561098,0.191778,3.902795,0.401481,5.837742,1.161662,2.580307
Sudan,2013,0.24032,0.760831,0.144637,4.889254,0.319204,4.569698,0.414191,4.504855
Japan,1991,0.323484,0.696983,0.378997,2.866293,0.807487,2.168259,0.64721,5.824698
Thailand,2013,0.31293,0.345718,0.130325,3.51238,0.846736,3.012576,1.204744,5.471011
Mauritania,2001,0.222052,0.566705,0.102413,2.772881,0.33994,3.710104,0.461235,2.154122
Zimbabwe,1999,0.214209,0.55561,0.113956,3.297132,0.68344,3.404021,1.855995,1.378299
Zimbabwe,2005,0.211114,0.555692,0.104666,3.305031,0.641078,3.465178,1.854849,1.280235
Jamaica,2012,0.287958,0.98523,0.199818,4.204892,1.056944,3.026901,1.151353,6.600321
Lithuania,2017,0.310594,0.561015,0.182889,4.587131,0.872083,4.313534,2.270702,5.082617
Austria,1997,0.300882,0.985969,0.502997,6.331651,1.004844,3.81935,2.852295,6.643824
Bosnia and Herzegovina,2012,0.305693,0.586178,0.135378,3.795386,0.3847,2.938134,2.092803,4.985774
Zambia,2010,0.212306,0.582358,0.103679,3.88157,0.36729,4.150671,1.519616,1.93477
Wales,2007,0.296735,0.990863,0.431614,4.633954,2.007764,4.439989,4.599298,6.393452
Dominica,2015,0.287542,0.946338,0.216439,4.493723,1.047655,3.14292,2.156818,4.645764
Spain,2009,0.292037,1.014138,0.636123,5.684728,1.612691,4.701157,1.874107,8.841922
Belarus,1995,0.287932,0.555217,0.110486,3.759027,0.935703,4.25136,2.965249,4.068329
Brazil,2015,0.292586,1.169207,0.243465,7.738562,1.137825,4.032894,3.272313,7.311613
Northern Ireland,2018,0.298232,1.228024,0.452958,7.062318,1.628151,4.604147,2.134441,8.311541
South-East Asia Region (WHO),2007,0.286864,0.356386,0.100588,3.058547,0.459482,3.921598,1.306635,3.723627
Eritrea,2012,0.211412,0.598206,0.086464,3.762361,0.372026,4.959007,1.718226,2.919447
Ghana,1991,0.212845,0.548207,0.093439,2.983215,0.370532,4.388964,0.516551,1.872139
Pakistan,1999,0.288235,0.396126,0.103934,3.417966,0.529612,4.064426,1.32377,1.990477
Israel,1993,0.324472,1.133083,0.330565,4.002209,0.752842,4.977319,1.044596,8.344787
Yemen,1997,0.236395,0.739744,0.132452,4.877254,0.254667,5.009009,0.42289,2.598496
Sweden,2003,0.307751,1.065675,0.494484,5.225359,0.713569,4.605433,2.885911,7.483016
Lebanon,2002,0.267055,0.990425,0.211927,6.092634,0.54993,5.292483,0.432455,7.940049
Paraguay,2005,0.285801,1.13991,0.203141,6.430132,0.711383,3.705676,2.499735,7.345042
Samoa,2012,0.301091,0.286647,0.095129,4.161286,1.004153,2.910503,0.658479,4.35494
Micronesia (country),1994,0.278689,0.271428,0.078631,4.034034,0.780072,3.088171,0.731561,2.93774
Taiwan,1990,0.313115,0.205854,0.130442,4.155433,0.597342,2.616462,0.468802,5.358157
Angola,2010,0.219577,0.562049,0.124663,4.038933,0.351125,5.835772,1.109083,2.396061
Malta,2005,0.302341,1.002147,0.405204,6.902678,1.039184,3.347532,1.821253,7.721131
Saint Vincent and the Grenadines,2002,0.280952,0.944704,0.19609,4.348591,0.919497,3.381521,1.977431,5.306677
Spain,1997,0.292365,1.013667,0.550458,4.899373,1.816884,4.154765,1.863812,7.316268
Zambia,1991,0.210126,0.578892,0.100218,3.783917,0.429967,4.264936,1.572781,1.168294
Trinidad and Tobago,2014,0.300557,0.958573,0.296307,4.050289,0.84232,3.990592,1.617342,6.069386
Rwanda,2004,0.207405,0.59657,0.076707,3.616139,0.426401,5.590066,3.324891,2.104215
Bahamas,1990,0.297224,0.937192,0.303571,4.446601,0.979178,3.228558,1.89272,5.665573
Argentina,2018,0.335926,1.117507,0.358185,5.355638,0.741806,2.597628,2.231751,6.333057
Argentina,1998,0.331693,1.043853,0.323437,5.417867,0.692798,2.793013,2.584097,5.654323
Tajikistan,1999,0.271542,0.536292,0.076815,2.463694,0.424302,2.981751,2.600849,2.787786
Gambia,1999,0.215385,0.557019,0.090821,3.309749,0.343039,5.820795,0.503816,2.320676
Region of the Americas (WHO),2011,0.364324,0.894296,0.324292,6.02893,1.566918,3.899378,2.33772,6.89032
Maldives,1999,0.305631,0.349261,0.102992,3.734797,0.514042,3.49544,0.605082,4.763279
Saint Lucia,2004,0.287442,0.965366,0.214166,4.394497,1.205117,3.383375,1.706938,6.166199
Canada,2005,0.317706,0.887145,0.460742,3.727656,2.196981,3.604707,1.968227,6.842487
Netherlands,1997,0.422411,0.866005,0.322129,7.642839,1.199968,3.897087,1.83272,7.979727
Philippines,1992,0.289675,0.34461,0.089203,4.575862,0.58582,3.119703,0.985881,3.541154
South Asia (WB),2002,0.284159,0.37112,0.096118,2.85914,0.440883,4.455908,1.541707,3.128277
Romania,1998,0.296806,0.673669,0.130171,3.422279,0.345516,2.841408,2.832677,3.661455
Botswana,2013,0.232482,0.564165,0.176256,3.710047,0.596082,4.436943,2.029095,2.82331
Cambodia,2000,0.263658,0.323544,0.062427,4.520218,0.41907,3.238822,0.732882,2.402183
Sub-Saharan Africa (WB),1994,0.214627,0.578464,0.095118,3.513519,0.444449,4.712201,1.151184,1.343225
Guatemala,1998,0.267165,0.82072,0.173252,4.192799,0.407444,4.226351,4.06584,3.272281
Fiji,1993,0.301741,0.284561,0.096843,4.084978,0.707389,3.016027,0.599407,3.899459
G20,2004,0.31509,0.478624,0.177177,3.929029,0.848016,3.62274,1.671166,4.714716
Palau,2001,0.313806,0.28441,0.120972,4.073688,0.779306,3.237331,0.848453,3.836264
China,1992,0.314184,0.190015,0.069138,3.664164,0.700221,3.229899,1.401203,4.016668
Latvia,2007,0.301905,0.559839,0.153498,4.041668,1.415774,4.164214,2.325937,4.056973
Saint Lucia,2018,0.290223,0.967577,0.228965,4.509243,1.222095,3.42501,1.768608,5.965774
Madagascar,2007,0.21553,0.605208,0.083944,3.9091,0.350406,4.807428,1.347177,2.539354
Nauru,2018,0.296031,0.27296,0.115879,4.219006,0.741945,3.284935,0.786523,3.525064
Argentina,1990,0.328013,1.031772,0.298867,5.353379,0.676581,2.735106,2.519262,5.316919
Greece,2010,0.299465,0.992214,0.479891,6.18817,0.68636,6.086848,1.825929,8.751931
Tuvalu,2011,0.285363,0.278758,0.081707,4.155663,0.727292,3.268288,0.759911,3.607514
Kazakhstan,2001,0.286243,0.536198,0.125726,2.249114,0.830599,3.745753,3.490967,3.222319
India,2000,0.283948,0.359488,0.093672,2.675862,0.44252,4.413786,1.634058,3.063403
North Korea,2002,0.27811,0.190366,0.066599,3.801471,0.564599,2.926336,0.714634,2.779438
Panama,1997,0.290877,0.884642,0.213014,3.646689,0.6327,3.083866,1.58764,5.94715
Dominica,2000,0.283827,0.943705,0.197641,4.400238,1.196854,3.109146,1.842303,4.690705
Algeria,1996,0.261122,0.793524,0.195062,4.858773,0.37134,4.3925,0.439044,5.460333
Cyprus,2019,0.297183,0.987538,0.44265,7.01469,0.669496,3.37632,1.803222,8.489051
United States Virgin Islands,2015,0.313004,0.97286,0.378009,4.605968,0.900212,3.4915,2.248167,4.857854
Greece,2005,0.2973,0.98691,0.479393,6.043978,0.602017,6.065459,1.821359,8.829915
Tokelau,2003,0.295926,0.286493,0.090055,4.131903,0.730439,3.28219,0.745521,3.782967
Portugal,1996,0.291599,0.953682,0.388335,8.558021,0.79279,5.297429,3.186337,7.645858
Cuba,2014,0.293948,0.99991,0.193708,4.471393,0.799609,3.978728,1.589554,7.095146
Czechia,2009,0.3185,0.590137,0.194841,3.434804,1.28276,3.183277,2.408365,4.916109
Malaysia,1995,0.312226,0.349605,0.121015,4.578295,0.562312,3.35311,0.555737,5.69294
Middle East & North Africa (WB),2011,0.263153,0.800628,0.221141,5.52981,0.49287,4.536477,0.42342,7.159669
Georgia,2005,0.288812,0.557665,0.104943,2.686315,0.458175,3.458695,2.20169,3.875811
Ghana,1990,0.212204,0.54799,0.092989,2.983565,0.370342,4.389214,0.518324,1.815934
Region of the Americas (WHO),2002,0.364133,0.880967,0.315667,6.267883,1.409705,4.054437,2.349416,6.628432
Papua New Guinea,1991,0.274385,0.266893,0.075223,3.958689,0.657223,3.22319,0.778691,2.33868
Venezuela,2012,0.291698,0.865087,0.232499,4.038806,0.434345,3.328357,1.661863,5.939953
Canada,2004,0.317738,0.883886,0.459383,3.723725,2.168293,3.650002,1.964772,6.884263
Guam,2006,0.347257,0.301055,0.184013,4.161045,0.807147,3.327226,0.790683,5.971483
Sub-Saharan Africa (WB),2015,0.217917,0.582758,0.106979,3.572281,0.398449,4.594394,1.113461,2.550783
North Korea,2005,0.280706,0.191084,0.067116,3.809483,0.560764,2.901777,0.728773,3.79085
Togo,2010,0.208585,0.546031,0.085376,3.602834,0.270705,4.549022,0.522365,2.22376
North Korea,2007,0.280244,0.191178,0.067478,3.801182,0.56281,2.868797,0.741412,3.8431
Barbados,2003,0.297061,0.97966,0.251171,4.450326,1.179104,3.23219,1.38182,5.656064
Cook Islands,1994,0.328526,0.296395,0.136602,4.125478,0.775265,3.304601,0.79963,4.79842
Marshall Islands,1990,0.279969,0.273312,0.078769,4.032078,0.72556,3.055086,0.749246,3.115574
Myanmar,2018,0.284452,0.325864,0.096567,4.075371,0.522264,2.236851,0.792868,3.435084
Europe & Central Asia (WB),1991,0.294566,0.760278,0.27832,4.545435,0.962891,3.880212,2.531552,4.965567
Guyana,2006,0.265827,0.894781,0.167706,4.449078,0.671032,5.216096,1.889226,4.774285
Bangladesh,2011,0.2844,0.399655,0.102323,3.221732,0.351874,4.689414,1.138905,4.968827
Ecuador,1997,0.279693,0.935442,0.25386,5.242485,0.586049,3.408178,1.214709,5.556695
Malawi,1995,0.201737,0.583709,0.074062,3.75114,0.346786,4.342011,1.459605,1.002601
Sierra Leone,1994,0.210734,0.540968,0.087583,3.612987,0.347903,4.23774,0.48738,1.076568
Puerto Rico,2009,0.307948,0.998379,0.323292,4.606376,1.212433,2.933386,1.606271,5.947143
Montenegro,2008,0.306367,0.580092,0.147798,3.946045,0.636669,3.047662,1.985577,4.685779
Maldives,2015,0.324662,0.354425,0.122894,3.770001,0.550411,3.083269,0.649624,7.671197
South Sudan,2002,0.232239,0.619243,0.14503,4.864191,0.353617,4.722164,1.441185,1.74835
Northern Mariana Islands,2019,0.328818,0.294916,0.158915,4.214529,0.79987,2.92598,1.009341,4.287891
Democratic Republic of Congo,2019,0.206491,0.56234,0.075507,3.854956,0.349892,5.499879,1.039983,3.727016
Taiwan,2006,0.322968,0.206638,0.162839,3.914074,0.700996,2.742566,0.525709,5.633118
Northern Mariana Islands,1991,0.344936,0.295327,0.183794,4.081163,0.76173,2.799553,1.064846,5.436322
Tuvalu,1991,0.276655,0.277111,0.074482,4.154782,0.701819,3.290997,0.690362,2.394784
Sri Lanka,2016,0.314674,0.352694,0.121081,4.202363,0.60795,3.004786,0.872756,5.578832
Pakistan,2017,0.289211,0.402833,0.123885,3.58923,0.518945,3.974902,1.41009,3.008097
Honduras,1997,0.266315,0.833369,0.151632,4.004709,0.493274,3.156666,2.297351,3.781969
Europe & Central Asia (WB),2012,0.298596,0.778433,0.312953,4.716742,1.056961,3.79548,2.376265,5.651237
Bolivia,2000,0.271908,0.919717,0.207045,5.837502,0.824587,3.708258,1.163823,3.76859
Ethiopia,1992,0.208305,0.619975,0.065822,3.637884,0.344894,5.087989,2.298977,1.226192
Scotland,1999,0.228731,0.99334,0.381565,4.500292,2.215816,4.356221,3.803296,5.489995
Sudan,1997,0.237045,0.753535,0.120902,4.793129,0.270091,4.625975,0.451911,2.420619
Mauritius,1993,0.304894,0.346667,0.110176,3.912589,0.611419,4.291563,1.284394,5.51848
Solomon Islands,2011,0.260498,0.260763,0.065726,4.071869,0.702185,3.073116,0.696779,2.391911
African Region (WHO),2001,0.215921,0.582751,0.097482,3.51655,0.446348,4.79224,1.129827,1.604127
Poland,2018,0.319861,0.598958,0.19998,3.34427,0.883952,2.356917,3.235623,4.234124
Samoa,1991,0.296442,0.285882,0.085917,4.064686,0.867854,3.089738,0.66885,4.030399
Brazil,2006,0.287919,1.162735,0.2207,9.015948,1.059016,4.6702,3.153098,7.509244
Samoa,2004,0.301156,0.287057,0.090077,4.092551,1.010519,2.982762,0.665515,4.364614
Sub-Saharan Africa (WB),1995,0.214585,0.578469,0.094583,3.512705,0.445027,4.71239,1.151373,1.436477
Gabon,2001,0.231606,0.568861,0.180198,3.979148,0.473726,5.84589,1.33113,2.959531
Madagascar,2018,0.217757,0.61315,0.088556,4.081167,0.345544,4.85021,1.352538,3.595151
Bangladesh,1994,0.28586,0.397499,0.086884,3.013314,0.303223,4.766477,1.115357,2.444022
Tonga,2014,0.304525,0.29492,0.094047,4.238597,0.809188,2.787374,0.670781,4.63084
Guatemala,1997,0.266585,0.819705,0.173449,4.185175,0.404728,4.140828,4.104808,3.157314
North Korea,1990,0.285518,0.189344,0.075984,3.784265,0.591952,3.006556,0.674116,2.828199
Palestine,2019,0.26201,0.834713,0.166914,5.854284,0.449708,6.543815,0.416198,11.058241
Russia,1995,0.295671,0.545929,0.149223,3.363198,1.323159,3.504938,3.797207,2.976324
China,1995,0.315708,0.190848,0.070832,3.680798,0.698669,3.281512,1.471383,4.362793
Trinidad and Tobago,1995,0.28621,0.948694,0.217838,3.898042,0.793906,4.11527,1.287649,5.55534
Monaco,2017,0.324053,0.991928,0.938227,6.039778,1.14933,4.462503,2.396879,6.170323
Iran,1997,0.262953,0.85228,0.214772,7.348934,0.646514,4.686131,0.397607,6.760424
Nauru,1999,0.292681,0.272778,0.103135,4.094229,0.727843,3.220491,0.787408,2.58413
Latin America & Caribbean (WB),1995,0.291339,1.011148,0.224985,5.036992,0.7944,3.556203,2.22561,5.025128
Paraguay,1997,0.286196,1.138138,0.198621,6.414069,0.702634,3.675511,2.476898,6.875521
Ecuador,2001,0.281201,0.937485,0.253837,5.274148,0.601883,3.460064,1.225578,5.890897
Estonia,2002,0.302968,0.560868,0.151042,3.65154,1.423006,4.812464,2.290677,4.640698
Malaysia,1996,0.313199,0.350029,0.123115,4.596258,0.563867,3.330202,0.556917,5.830798
Senegal,2014,0.218238,0.559976,0.100597,2.92477,0.323907,4.045729,0.471497,3.014211
Solomon Islands,1991,0.262401,0.259961,0.066958,3.964277,0.702991,3.138847,0.704594,2.042016
Latin America & Caribbean (WB),2000,0.291654,1.012735,0.228713,5.706501,0.798616,3.750908,2.397068,5.870578
Suriname,2008,0.28322,0.931037,0.216076,4.24733,0.713484,4.91527,1.648798,5.989641
Sao Tome and Principe,2001,0.221939,0.57107,0.097749,3.091798,0.349833,3.711133,0.529215,2.638618
American Samoa,2019,0.319183,0.294282,0.134823,4.254495,0.755096,2.797318,0.676418,4.38495
Somalia,1990,0.194168,0.58697,0.052862,3.366418,0.334241,4.923035,1.258895,1.164738
Uruguay,2005,0.335116,1.061292,0.318667,5.457166,1.39929,2.934703,1.51309,5.804326
Saudi Arabia,2000,0.272246,0.79162,0.260871,4.562173,0.334814,4.179643,0.43607,6.696765
Libya,2001,0.268399,0.802535,0.24316,5.380333,0.546872,4.50569,0.454377,8.022102
Thailand,2017,0.313831,0.346264,0.13651,3.539857,0.850343,3.001446,1.210429,5.296443
Hungary,1991,0.303661,0.569385,0.165664,3.639542,0.672648,3.597969,3.049512,3.681074
Belarus,2012,0.296169,0.561001,0.133786,3.766076,0.939021,4.212737,2.879887,4.448195
Nepal,2014,0.276594,0.39575,0.100024,3.306295,0.382404,5.040196,1.204332,5.021609
OECD Countries,2018,0.349796,0.83281,0.432899,5.09052,1.746285,3.933309,2.024868,6.708684
Uruguay,2000,0.335823,1.00086,0.323509,5.422173,1.341916,2.805987,1.485363,5.483993
Northern Mariana Islands,2018,0.329204,0.294809,0.157992,4.202708,0.79998,2.908729,1.01138,4.311002
United States,2009,0.505018,0.659394,0.503457,6.418288,3.013178,4.933798,2.561372,7.490077
Thailand,1998,0.301023,0.34087,0.110816,3.402258,0.85623,2.991574,1.207127,4.362644
Brunei,2019,0.329339,0.656791,0.459976,3.093946,0.859447,1.736138,0.975514,6.056265
Mexico,2009,0.299581,0.967327,0.2516,3.884242,0.525511,3.640634,1.454568,6.309941
Congo,2002,0.215991,0.551954,0.119596,3.77346,0.414529,6.06157,1.27741,2.304981
Finland,1992,0.288219,0.991009,0.47152,4.382437,0.861136,5.275115,2.370181,6.553088
Paraguay,2004,0.285651,1.139537,0.202554,6.427129,0.711208,3.694893,2.503071,7.087046
Greece,1993,0.293619,0.976341,0.429883,5.995436,0.622002,5.2978,1.788185,8.220223
Somalia,2018,0.191898,0.591864,0.046497,3.338551,0.339644,4.935406,1.191717,2.1186
Saudi Arabia,2006,0.272414,0.797474,0.262157,4.61604,0.362142,4.266187,0.441329,7.518138
Azerbaijan,2011,0.296614,0.554695,0.139412,2.689144,0.460865,2.838476,2.678137,4.007577
European Region (WHO),2004,0.295624,0.771622,0.28953,4.532947,1.060481,3.827164,2.53132,5.114062
Brunei,1994,0.327532,0.626602,0.460417,3.053681,0.877361,1.659791,0.984393,5.592965
Madagascar,2000,0.214591,0.604451,0.084876,3.881969,0.341151,4.85256,1.397665,2.06853
Peru,2011,0.291307,0.966046,0.313463,5.774482,0.940053,2.269749,0.939298,6.560122
England,2008,0.278855,1.232094,0.445777,4.766191,2.20275,4.348585,2.814212,7.114738
Peru,2006,0.287017,0.962441,0.291158,5.711707,0.929347,2.38031,1.009353,6.382753
Bermuda,1993,0.314093,1.028615,0.330714,4.458061,0.954615,3.702795,1.24346,6.710881
Australia,2013,0.424872,1.230199,1.101519,6.081415,2.346055,5.027864,1.980896,10.083681